id,hash,created_at
,b5141536a4f7c96c609cba1288fbc7115572002dec6e3ab1172ab1579497e648,1739880000000
,38654e6d88ca7976ab693145bb8a992c6d6e9d5cfdec9993e9a0f83468c33ef5,1739883600000
,3e32b3306f1ffab061a03dda94b09b7bd8e1bc1370f1a6d9b60487d0a648af40,1739890800000
,96614625d195fbe97399a58238c0553db634088e0ffec3b3e3b3cefce2a57e59,1739894400000
,a49c0adefdb55fd0599d77f3e9922af1d58b58c6a67a224d5144f494566eee00,1739898000000
,1d2f984ac33c4fe358305aa690c4240396fc203f2636587e437e9f678ce37707,1760486400000
,7a232f54e07ddb7b37109a7c0a294a5e9910bf01a23f762020c48a3fb5d7027b,1760487000000
,3b725c9b8668e412301c15b68d5816a41f5541f84dabfaa489a995d7644c5bbe,1760490000000
,5596350e564706765d6df5e1d7eba96914054884f932dccad7cd281ad8700154,1760492400000
,32e811583dc227beb3516a1d2bb3819922b2882e18c77957b12d9747110bd246,1760494200000
