id,track_id,video_id,title,channel_title,score,embeddable,chosen,fetched_at
1,466,EF_O4ybSWPE,"Norken - Walk [Delsin, 09 dsr/nor1 ]","Krisztian Laki",5.0,1,1,1771428896464
2,466,Mfq4k35jhC0,"Norken - Home","Holy Terrorizer",2.0,1,0,1771428896465
3,466,tAtNi9gd0m0,"Norken - More frequencies","Palelec Alx (Palelec59)",1.0,1,0,1771428896465
4,466,7SpOwNITGwk,"Norken - Southern Soul - Delsin Records (dsr-x10)","Delsin Records",4.0,1,0,1771428896466
5,466,gOWTz8CbMjo,Home,"Norken - Topic",1.0,1,0,1771428896467
21,467,EF_O4ybSWPE,"Norken - Walk [Delsin, 09 dsr/nor1 ]","Krisztian Laki",6.0,1,1,1771431402058
22,467,MouNrV4arZc,Walk,"Norken - Topic",1.0,1,0,1771431402058
23,467,cMk-tQb1QzY,"Norken - Shifting Towards - Delsin Records (dsr-x10)","Delsin Records",4.0,1,0,1771431402059
24,467,7SpOwNITGwk,"Norken - Southern Soul - Delsin Records (dsr-x10)","Delsin Records",4.0,1,0,1771431402059
25,467,zvi_gY99Irw,"Norken &amp; _Nyquist - Od Detot","O0ο0Ο",1.0,1,0,1771431402059
26,467,GgKgwaIAC00,"Norken - East","The Diggin Issue",1.0,1,0,1771431402059
27,467,luN2avENmxM,Static,"Norken - Topic",0.0,1,0,1771431402059
28,467,N_3McNvorUE,"Norken -  Fragile","Shindō Vibrations",1.0,1,0,1771431402060
29,467,H4TRIMLcId0,East,"Norken - Topic",0.0,1,0,1771431402060
30,467,sszSZj-0Rz8,"Norken - Memories",FreebirthOne,1.0,1,0,1771431402060
31,467,GCTGmS0bJNA,Gates,"Norken - Topic",0.0,1,0,1771431402060
32,467,ErWGz1SrphU,"Galaxy Driven","Norken - Topic",0.0,1,0,1771431402061
33,467,pU7BavCpC-4,"Northern Soul","Norken - Topic",0.0,1,0,1771431402061
34,467,5_T7jmCGgfo,"Norken - Up",zabriskie,1.0,1,0,1771431402061
35,467,f8N6kqdNO_M,Up,"Norken - Topic",0.0,1,0,1771431402061
36,467,I4XxeXMlK2k,"Norken &amp; _Nyquist -- Track 11",ballacid,1.0,1,0,1771431402061
37,467,smIh36toyBE,Travelogue,"Norken - Topic",0.0,1,0,1771431402061
38,467,Wq35FbY696E,"Spring Theme","Norken - Topic",0.0,1,0,1771431402061
39,467,tAtNi9gd0m0,"Norken - More frequencies","Palelec Alx (Palelec59)",1.0,1,0,1771431402062
40,467,LoDvb6QTq7Y,"Norken - Ride","Vincent G",1.0,1,0,1771431402062
41,467,xrgrZgLzFB4,"NORKEN - FERN [2000]",jbrady909,1.0,1,0,1771431402062
42,467,h0sg7lxLfwg,"Norken - Memories","oO /o",1.0,1,0,1771431402062
43,467,5B8WCbW1gN0,"Sentomea - Ease Of Life - Delsin Records (dsr-c10)","Delsin Records",3.0,1,0,1771431402062
44,467,Se2tRkMcNL4,"Norken - Gone",microglitch,1.0,1,0,1771431402062
45,467,U9be0ljFzCg,"Norken - The Visit",Teodor,1.0,1,0,1771431402063
230,462,bKb9m7iHA6U,"Lucky & Easy - Chippoke",Discogs,0.5,1,1,1771436732640
231,463,bKb9m7iHA6U,"Lucky & Easy - Chippoke",Discogs,0.5,1,1,1771436813070
232,464,bKb9m7iHA6U,"Lucky & Easy - Chippoke",Discogs,0.5,1,1,1771437148560
233,468,Mfq4k35jhC0,"Norken - Home",Discogs,0.5,1,1,1771437568176
234,475,Z9UEikU0RTM,"CiM - Shift - Service Pack EP - [DSRCIM2] - 2020",Discogs,0.5,1,1,1771437573519
235,465,bKb9m7iHA6U,"Lucky & Easy - Chippoke",Discogs,0.5,1,1,1771439063008
236,469,Mfq4k35jhC0,"Norken - Home",Discogs,0.5,1,1,1771439492572
237,470,Z9UEikU0RTM,"CiM - Shift - Service Pack EP - [DSRCIM2] - 2020",Discogs,0.5,1,1,1771439801840
238,471,Z9UEikU0RTM,"CiM - Shift - Service Pack EP - [DSRCIM2] - 2020",Discogs,0.5,1,1,1771440320200
239,472,Z9UEikU0RTM,"CiM - Shift - Service Pack EP - [DSRCIM2] - 2020",Discogs,0.5,1,1,1771440377031
240,473,Z9UEikU0RTM,"CiM - Shift - Service Pack EP - [DSRCIM2] - 2020",Discogs,0.5,1,1,1771440381738
241,474,Z9UEikU0RTM,"CiM - Shift - Service Pack EP - [DSRCIM2] - 2020",Discogs,0.5,1,1,1771440385687
242,476,Z9UEikU0RTM,"CiM - Shift - Service Pack EP - [DSRCIM2] - 2020",Discogs,0.5,1,1,1771440389465
243,480,HMZkyKt681g,"Optic Nerve (Keith Tucker) - Another Plain from Pharaoh's Doorway EP",Discogs,0.5,1,1,1771440393054
244,479,HMZkyKt681g,"Optic Nerve (Keith Tucker) - Another Plain from Pharaoh's Doorway EP",Discogs,0.5,1,1,1771440440517
245,477,Z9UEikU0RTM,"CiM - Shift - Service Pack EP - [DSRCIM2] - 2020",Discogs,0.5,1,1,1771440581998
246,478,HMZkyKt681g,"Optic Nerve (Keith Tucker) - Another Plain from Pharaoh's Doorway EP",Discogs,0.5,1,1,1771440584608
247,481,0_9fon8G6is,"Peel Seamus - Chatsubo",Discogs,8.0,1,1,1771441007423
248,483,PlbePSSu1b4,"Peel Seamus - Futur H",Discogs,8.0,1,1,1771441843764
249,2116,eaUyZa6xSC0,"John Beltran - Brilliant Flood (Kassem Mosse & Mix Mup Remix) [87DSR/JBT1]",Discogs,8.0,1,1,1771441852917
250,2117,mNQ8I_Z7rrw,"john beltran - nephilas oneiric (svens glorify tribute mix to John Beltran)",Discogs,16.0,1,1,1771441852918
251,2118,YT4WCj0d-Jg,"Raymond Castoldi - Cycles Of Life",Discogs,8.0,1,1,1771441853546
252,2119,0IBlMCNvxSI,"Raymond Castoldi - Condensation",Discogs,8.0,1,1,1771441853547
253,2120,dPiuyKOVd1M,"Raymond Castoldi - Feel the Rhythm",Discogs,8.0,1,1,1771441853547
254,2121,ebgZHcmwq2U,"Raymond Castoldi - Feel the Piano",Discogs,8.0,1,1,1771441853548
255,2122,Ge8-JVDfjLI,"Raymond Castoldi - And God Made A Woman",Discogs,8.0,1,1,1771441853549
256,2123,LkyHapkI6VQ,"Raymond Castoldi - The Solo",Discogs,8.0,1,1,1771441853549
257,2124,85rhvXvmrB0,"Raymond Castoldi - In Orbit",Discogs,8.0,1,1,1771441853550
258,2125,qZUEw4E6FAY,"Raymond Castoldi - The Nightflight",Discogs,8.0,1,1,1771441853550
259,2126,pRTMYxQ2c8U,"Raymond Castoldi - Tone Poem",Discogs,8.0,1,1,1771441853551
260,2127,8BvJz-m-3Is,"Raymond Castoldi - The Deep And Slow (The Underground Man EP)",Discogs,8.0,1,1,1771441853552
261,2128,QOxAORpyANI,"Raymond Castoldi - Absolute Time",Discogs,8.0,1,1,1771441853552
262,2142,YoA-xk4vPhA,"Romar-013.1 (ATIPIC013)",Discogs,8.0,1,1,1771441853711
263,2143,Pu6JzfjfR_M,"Romar-013.2 (ATIPIC013)",Discogs,8.0,1,1,1771441853712
264,2144,tYSo3_979Xo,"Romar-013.3 (ATIPIC013)",Discogs,8.0,1,1,1771441853712
265,2138,qVcNCubvoWg,"Matthias ─ Psy Dance [REDISCO003]",Discogs,8.0,1,1,1771441853722
266,2139,qAhAqk84ieE,"Matthias - Robot Axe [REDISCO003]",Discogs,8.0,1,1,1771441853723
267,2140,tpOoIeccRDw,"Matthias - Fender Strato [REDISCO003]",Discogs,8.0,1,1,1771441853724
268,2141,PTPVXAGCHac,"Matthias - Les Rhytmes Sont Robotiques [REDISCO003]",Discogs,6.0,1,1,1771441853725
269,2133,MuEL10kCq4w,"Paradise City Breakers - A1. Andromeda Is A Lie",Discogs,8.0,1,1,1771441855579
270,2134,ZYSR6HZW0P0,"Paradise City Breakers - A2. The Pacman Effect",Discogs,8.0,1,1,1771441855579
271,2129,fv2LNZPKKrY,"Dārukā - Invisible Menders",Discogs,8.0,1,1,1771441855693
272,2130,E4v9rwZQ-d8,"Dārukā (SYO remix) - Invisible Menders",Discogs,8.0,1,1,1771441855693
273,2131,kfk_USbOinY,"Weather Obsessives (Eversines remix) - Invisible Menders Dream Forest EP Animals On Psychedelics 006",Discogs,8.0,1,1,1771441855694
274,2136,dV_zliUNT_8,"Paradise City Breakers - B1. I've Seen The World",Discogs,8.0,1,1,1771441855806
275,2137,gmevOAQ1JpA,"Paradise City Breakers ‎- Paradise City Breakers",Discogs,8.0,1,1,1771441855808
276,2145,7lgBPQeY5_0,"OK EG & Priori - Serpentine 1 [NAFF026]",Discogs,8.0,1,1,1771441855877
277,2146,b4LaWVwesA4,"OK EG & Priori - Serpentine 2 [NAFF026]",Discogs,8.0,1,1,1771441855878
278,2147,YL0kzYktqLY,"OK EG & Priori - Serpentine 3 [NAFF026]",Discogs,8.0,1,1,1771441855882
279,2148,RZeRYoty1n8,"OK EG & Priori - Serpentine 4 [NAFF026]",Discogs,8.0,1,1,1771441855883
280,2161,FSTm2u1DpwU,"AI Robot - Chicago Babussa",Discogs,8.0,1,1,1771441858061
281,2162,89TjpCOOQW8,"AI Robot - Desert Earth",Discogs,8.0,1,1,1771441858061
282,2163,1g8PUPiN2ro,"AI Robot - Dynamic",Discogs,8.0,1,1,1771441858061
283,2164,V3caRAItZDE,"AI Robot - Electric Love",Discogs,8.0,1,1,1771441858062
284,2157,KU8ywgJ4zFk,"La Batterie - Let There Be Drums (UK, 1983)",Discogs,8.0,1,1,1771441858966
285,2158,jntFrnlFuuI,"La Batterie - Let There Be Drums (Benedikt Frey Remix)",Discogs,10.0,1,1,1771441858966
286,2159,CtUv67Cw_ag,"Shogun (7 Inch)",Discogs,8.0,1,1,1771441858966
287,2160,FXgycuJYA5w,"La Batterie - Let There Be Drums (Max Abysmal's Spooky Remix)",Discogs,10.0,1,1,1771441858967
288,2151,d1hXuLF0xkg,"PREMIERE: Anatolian Weapons - Lost [People & Places]",Discogs,8.0,1,1,1771441859223
289,2152,t3Pq8ta0wG4,"PREMIERE: Anatolian Weapons - Cloud [People & Places]",Discogs,8.0,1,1,1771441859223
290,2165,gzLb62xWCmI,"The Eyes Of Goa - A1 - Syncrosonix (Part I)",Discogs,8.0,1,1,1771441860112
291,2166,4Kfsb0w5pTQ,"The Eyes Of Goa - A2 - Syncrosonix (Part II)",Discogs,8.0,1,1,1771441860112
292,2167,BUVq0KFjlVI,"The Eyes Of Goa - B1 - GoaGoa (Part I)",Discogs,8.0,1,1,1771441860112
293,2168,zBnOr5Rbl5E,"The Eyes Of Goa - B2 - GoaGoa (Part II)",Discogs,8.0,1,1,1771441860113
294,2169,H6xCTyGM78I,"Christopher Ledger - Initialization",Discogs,8.0,1,1,1771441862300
295,2170,7VC6n2VKAQk,"Lunar Empathy",Discogs,10.0,1,1,1771441862305
296,2171,XAeqxkyYqLA,"Christopher Ledger - A deeper Thought",Discogs,8.0,1,1,1771441862305
297,2172,in7cyGk_5aA,"Christopher Ledger - A Deeper Thought (C.K's 5AM Remix)",Discogs,8.0,1,1,1771441862306
298,2173,VjEYDUS2mRs,"Purplehands - Fading Paths",Discogs,8.0,1,1,1771441862443
299,2174,HBXOEyUxtco,"Purplehands - Polypodiopsida",Discogs,8.0,1,1,1771441862443
300,2175,-jhxGtD-Uws,"Purplehands - Sunvibe",Discogs,8.0,1,1,1771441862444
301,2177,xPZjS329WjY,"Purplehands - We Will Have To Leave",Discogs,8.0,1,1,1771441862492
302,2178,zuzJ5xQJ2n8,"[PREMIERE] When I'm Gone - Purplehands | High Priestess Recordings [2021]",Discogs,8.0,1,1,1771441862493
303,2179,Ysg1AGKK1CM,"Alec Falconer - Boaty Banger [AOD005]",Discogs,8.0,1,1,1771441864617
304,2180,R3RWmF4Kk-Q,"Alec Falconer - FFFF [AOD005]",Discogs,8.0,1,1,1771441864622
305,2181,Cg0AzobkR7A,"Alec Falconer - Heck Of A Neck [AOD005]",Discogs,8.0,1,1,1771441864623
306,2182,IjJRPpXM7zo,"Alec Falconer - Four [AOD005]",Discogs,8.0,1,1,1771441864624
307,2183,VtE7MF9wut0,"Alan Backdrop - Lán [HARMONY004]",Discogs,8.0,1,1,1771441864850
308,2184,37sAnIFbVCI,"Alan Backdrop - Dr_C [HARMONY004]",Discogs,8.0,1,1,1771441864853
309,2185,h2t590zlt3w,"Alan Backdrop - Delwa [HARMONY004]",Discogs,8.0,1,1,1771441864854
310,2186,wxlTJ9IEMCM,"Alan Backdrop - Dr_C (Feral Acid Jungle Remix) [HARMONY004]",Discogs,8.0,1,1,1771441864855
311,2187,eRXPML_EyW4,"Textasy - Acid Eater [C-KNOW-EVIL]",Discogs,8.0,1,1,1771441864921
312,2188,HhPqWsWpdZs,"Textasy - Burning Diesel",Discogs,8.0,1,1,1771441864921
313,2197,p-vJeQp9cWE,"Video Premiere: Xen - Bells",Discogs,8.0,1,1,1771441865393
314,2198,o9QhZbOA1zY,"XEN - All Of The Sun",Discogs,8.0,1,1,1771441865395
315,2199,QfRNs7Gptds,"XEN - Bells (Red Axes Remix)",Discogs,8.0,1,1,1771441865396
316,2200,sac0Hxp-Cmg,"XEN - All Of The Sun (Voodoo)",Discogs,8.0,1,1,1771441865397
317,2193,X8Hz5sOmbKk,"Unknown Artist -- Conscious",Discogs,8.0,1,1,1771441865632
318,2194,-TsZBl4YhJM,"Unknown Artist -- Lookfor",Discogs,8.0,1,1,1771441865634
319,2195,pPacgsiMC5g,"Unknown Artist -- Rebalance",Discogs,8.0,1,1,1771441865641
320,2196,kXn5GGMMEPc,"Unknown Artist -- This Control",Discogs,8.0,1,1,1771441865643
321,2189,gn59S_W6ZBE,"Big Zen - Big Trance",Discogs,8.0,1,1,1771441866141
322,2190,y7RDFXfl5Ng,Weo,Discogs,10.0,1,1,1771441866142
323,2191,xTO1kWa0iNM,"Tip Sonic",Discogs,10.0,1,1,1771441866142
324,2192,zl1p9KncyoA,Buddon,Discogs,5.0,1,1,1771441866142
325,2241,YRgmEmcAPrs,"Nick Glennie-Smith - End Roller Suite (A Sound Of Thunder) (2005)",Discogs,6.0,1,1,1771441870626
326,2205,TfgOjrzZXSc,"154 – Strike",Discogs,8.0,1,1,1771441870713
327,2242,wkGxNgyKW00,"Andu Simion - 003.1 [Atipic003]",Discogs,8.0,1,1,1771441871237
328,2243,zYEPw6KkCSI,"Andu Simion - 003 2 [atipic]",Discogs,8.0,1,1,1771441871238
329,2244,R5I7Ygyaj58,"Andu Simion - 003.3 [Atipic003]",Discogs,8.0,1,1,1771441871238
330,2245,5NeCJSGM580,"Andu Simion - 003.4 [Atipic003]",Discogs,8.0,1,1,1771441871239
331,2212,PXll6cajkj4,"Planet Love - New Era",Discogs,8.0,1,1,1771441871268
332,2213,EFZglnQeEVs,"Planet Love - Flowers (1990)",Discogs,8.0,1,1,1771441871268
333,2214,jBQv9enbWe0,"planet love # bird song",Discogs,8.0,1,1,1771441871269
334,2248,4ZxxGlg_54o,"Views - seq_microA",Discogs,8.0,1,1,1771441872329
335,2249,RsF9dtVRgFA,"Views - 2044",Discogs,8.0,1,1,1771441872329
336,2250,Vy9E31N-k50,"Views - Tribute To The Channel [DISCARDED-105]",Discogs,8.0,1,1,1771441872330
337,2251,VVQov2KNtnY,"Views - Last Rain",Discogs,8.0,1,1,1771441872331
338,2246,XkB9zUnCM3I,"Invisible Menders - The Genie (Animals on Psychedelics)",Discogs,8.0,1,1,1771441872393
339,2247,hMc5ZZJbosg,"Invisible Menders - Midnight Drive (Menders' Re-Stitch) (Animals on Psychedelics)",Discogs,8.0,1,1,1771441872393
340,2252,7gAVQQNqP_M,"PRÈMIÉRE: Rony & Suzy - Einstellung [Kalahari Oyster Cult]",Discogs,8.0,1,1,1771441873469
341,2253,hqdsAyn9qDg,"Puma & The Dolphin - Shampoo Smile",Discogs,8.0,1,1,1771441873470
342,2254,MJTCr9BSPHM,"Zatua - Camel Express",Discogs,8.0,1,1,1771441873470
343,2255,CPpB8aZ0_fk,"PREMIERE | Bear Bones, Lay Low - Jabrojo [Kalahari Oyster Cult] 2018",Discogs,8.0,1,1,1771441873471
344,2256,w0ObmXg-Ewc,"Khidja - Embarking Once More, Upon That Dark Voyage",Discogs,8.0,1,1,1771441873471
345,2258,R8x6btP1vhk,"PREMIERE: Velvet C - Cosmotropi [Kalahari Oyster Cult]",Discogs,8.0,1,1,1771441873529
346,2259,ZBl7UcX86Y8,"Konsistent - Healthy People In Space",Discogs,8.0,1,1,1771441873529
347,2261,fGoM5Ys4OeI,"[PREMIERE] Weird Dust - Ensoniq (OYSTER10)",Discogs,8.0,1,1,1771441873602
348,2262,-avvQ118xbI,"T-woc ‎– Top Sausage",Discogs,8.0,1,1,1771441873603
349,2263,OBmNj5muQh0,"Matthias - DTRT Dream During A Cold Winter",Discogs,8.0,1,1,1771441873634
350,2264,bIJtdMpT8jw,"Matthias - Time of Freedom",Discogs,8.0,1,1,1771441873635
351,2266,EaYU5KseQAk,"Matthias - False Gods Among Legends",Discogs,8.0,1,1,1771441873688
352,2267,mno6Pyz1LdU,"Ex-Terrestrial - Portal Vision (Kali)",Discogs,8.0,1,1,1771441874042
353,2268,NFnlEZsuyUs,"Ex-Terrestrial - Portal Vision (Plain)",Discogs,8.0,1,1,1771441874044
354,2269,-K4upfIhV0A,"Ex-Terrestrial - 2DS",Discogs,8.0,1,1,1771441874045
355,2270,EyAI10QjUss,"Ex-Terrestrial - Vanilight (Rezoned)",Discogs,8.0,1,1,1771441874045
356,2289,mY8B7rXHUVE,"System - Escape From Reality (Alternate Take)",Discogs,8.0,1,1,1771441876130
357,2286,7bfu9vNSneg,"Shjva - Northern Lights",Discogs,8.0,1,1,1771441876283
358,2287,T_isL2uRBBM,"Shjva - Traect (P&P002)",Discogs,8.0,1,1,1771441876284
359,2288,-2z5sMJXPv4,"Shjva - Betatron (P&P002)",Discogs,8.0,1,1,1771441876284
360,2293,03RRmlWY02k,"System - Your machine (Hydraulic mix) [CALYPSO005]",Discogs,8.0,1,1,1771441876324
361,2281,cxLVCfdmh1M,"Tamburà - Tikitaka (Highland Mix)",Discogs,8.0,1,1,1771441876514
362,2283,-xjKecKvevc,"Tamburà - Tikitaka (Tabla Mix)",Discogs,8.0,1,1,1771441876577
363,2284,z9wcCI9jjRE,"Tamburá - Tikitaka (Tornado Wallace Remix)",Discogs,8.0,1,1,1771441876578
364,2285,seFZ8u6yxgU,"Tambura - Tikitaka (Dazion Remix)",Discogs,8.0,1,1,1771441876580
365,2304,H6xCTyGM78I,"Christopher Ledger - Initialization",Discogs,8.0,1,1,1771441878166
366,2305,7VC6n2VKAQk,"Lunar Empathy",Discogs,10.0,1,1,1771441878167
367,2306,XLiqyOPpp0k,"Logical Form",Discogs,10.0,1,1,1771441878167
368,2307,XAeqxkyYqLA,"Christopher Ledger - A deeper Thought",Discogs,8.0,1,1,1771441878167
369,2308,in7cyGk_5aA,"Christopher Ledger - A Deeper Thought (C.K's 5AM Remix)",Discogs,8.0,1,1,1771441878168
370,2295,RJ7aw-JSsAA,"Francesco Carvetta - Larch (Acid Mix) [LWS002]",Discogs,8.0,1,1,1771441878249
371,2311,5VrH-8y2uOg,"Juaan -- Opcion1",Discogs,8.0,1,1,1771441878763
372,2312,9blLhPFkdYg,"Juaan -- El Primer Dia Del Resto de mi Vida",Discogs,8.0,1,1,1771441878763
373,2313,SH0MGj0DeUw,"Juaan -- Art de Aft",Discogs,8.0,1,1,1771441878763
374,2314,Q4-SjnpG36A,"Juaan -- A.S",Discogs,8.0,1,1,1771441878764
375,2315,Rqwl53gyEWE,"Juaan -- Mai Miand",Discogs,8.0,1,1,1771441878764
376,2300,qLdAILnf3hM,"Excelsior Ruth - Dream Of Night (166BPM)",Discogs,8.0,1,1,1771441878855
377,2301,T_cCzsPHef4,"[PREMIERE] Dream of Night (Drinkwater's Mix) - Excelsior Ruth | High Priestess Recordings [2024]",Discogs,10.0,1,1,1771441878855
378,2302,Vp7EysbWNjI,"Excelsior Ruth - Dream Of You",Discogs,8.0,1,1,1771441878856
379,2303,oKNGtibtPmg,"[PREMIERE] Sleepy Hollow - Excelsior Ruth | High Priestess Recordings [2024]",Discogs,8.0,1,1,1771441878856
380,2309,0vnjJ6iTBSA,"Maelstrom - Spasm [EVIL002]",Discogs,8.0,1,1,1771441879993
381,2310,YvC8MtX5wSA,"Maelstrom - Turbulence [EVIL002]",Discogs,8.0,1,1,1771441879994
382,2316,q5RAPR2GQAA,"Align Align",Discogs,10.0,1,1,1771441880706
383,2317,FRGCzvTLStQ,"Align Align (Alfred Czital Remix)",Discogs,10.0,1,1,1771441880711
384,2318,7FD4TrO8iEw,"Warm Blue",Discogs,10.0,1,1,1771441880718
385,2319,U4vSTQviq3I,DHDD,Discogs,10.0,1,1,1771441880720
386,2320,UZoz6Rx3oxM,"Roza Terenzi & DJ Zozi - World Off",Discogs,8.0,1,1,1771441881054
387,2321,QWoHxgxftyU,"Roza Terenzi & DJ Zozi - Half Moon Bay",Discogs,8.0,1,1,1771441881056
388,2322,foLymdGX1co,"Roza Terenzi & DJ Zozi - Strobe Fountain",Discogs,8.0,1,1,1771441881056
389,2323,iIxm3Pj7BXo,"Roza Terenzi & DJ Zozi - G Step",Discogs,8.0,1,1,1771441881056
390,2324,7yAGWfFHFNU,"Khidja - Racheta El Fadaa",Discogs,8.0,1,1,1771441882475
391,2325,Y2tFCOkJ9kc,"Khidja - Drums Of Taksim",Discogs,6.0,1,1,1771441882476
392,2326,hygbp_bsCHI,"Khidja - Monkey Tiger",Discogs,8.0,1,1,1771441882476
393,2327,F8fgqUlSivE,"Khidja - Drums Of Taksim (Baris K & Mehmet Aslan Remix)",Discogs,8.0,1,1,1771441882477
394,2336,w6T0V5zywOI,"Kurilo-Break A Leg",Discogs,8.0,1,1,1771441883131
395,2337,afBu_CyJ-0g,C.ru.z-Wrong,Discogs,8.0,1,1,1771441883132
396,2338,F3iecDMWwEQ,"Jeku ─ Phase Lock [COLLAB02]",Discogs,8.0,1,1,1771441883133
397,2339,0AzqgwimZAw,"JJ Fortune ─ The Nightmare [COLLAB02]",Discogs,8.0,1,1,1771441883133
398,2357,PXll6cajkj4,"Planet Love - New Era",Discogs,8.0,1,1,1771441887206
399,2358,EFZglnQeEVs,"Planet Love - Flowers (1990)",Discogs,8.0,1,1,1771441887207
400,2359,jBQv9enbWe0,"planet love # bird song",Discogs,8.0,1,1,1771441887208
401,2364,TfgOjrzZXSc,"154 – Strike",Discogs,8.0,1,1,1771441893840
402,2366,Niz4WB-Orzk,"Red Shift-  3rd Moon",Discogs,8.0,1,1,1771441895915
403,2367,I3il7zRF9QQ,"Red Shift╭ ╯Audity",Discogs,8.0,1,1,1771441895916
404,2368,d8V7-g8LVo0,"Red Shift - Himalayas",Discogs,8.0,1,1,1771441895916
405,2369,jDTDKyuHP2A,"Ether - Detonator",Discogs,8.0,1,1,1771441895916
406,2370,wKzp1L-nHMg,"Escape Artist - Rain Eternal",Discogs,8.0,1,1,1771441895917
407,2371,NxQgi9q8yo8,"Constants of Nature - Slow Symmetry Breaking",Discogs,8.0,1,1,1771441895917
408,2372,Tl6x6MC-wk0,"Matthias aka Crew:1 - Human Computer Interaction",Discogs,8.0,1,1,1771441896039
409,2374,CY4vqO00pgw,"Matthias aka Crew:1 - Black Identity Recognition",Discogs,4.0,1,1,1771441896442
410,2375,DUuLUy0ZEvk,"Matthias aka Crew:1 - Witness From The Last Resistance",Discogs,8.0,1,1,1771441896443
411,2376,3QbyQRj3NJA,"Matthias aka Crew:1 - Micro Trade",Discogs,8.0,1,1,1771441896443
412,2377,i2XRpZtcbpI,"Matthias aka Crew:1 - Alter Nexus",Discogs,8.0,1,1,1771441896443
413,2378,6YQXOwbo0OQ,"Matthias - Ultimate Mind Hacking [Hyper Destiny]",Discogs,8.0,1,1,1771441896444
414,2379,cDoNr1sl154,"Matthias aka Crew:1 - Neural Network",Discogs,8.0,1,1,1771441896444
415,2387,1jd7D973EYA,"Alexis Cabrera - 006.1 [Atipic006]",Discogs,8.0,1,1,1771443516809
416,2388,CMRrs9Lh3P0,"Alexis Cabrera - 006.2 [Atipic006]",Discogs,8.0,1,1,1771443516811
417,2389,PnSLml2cpLM,"Alexis Cabrera - 006.3 [Atipic006]",Discogs,8.0,1,1,1771443516812
418,2392,VZEY5XB6gdU,"Adrian Niculae - 001.1  [Atipic 001]",Discogs,8.0,1,1,1771443519603
419,2393,fikfM2c41uY,"Adrian Niculae - 001.2  [Atipic 001]",Discogs,8.0,1,1,1771443519605
420,2397,UEaf3rGvpjQ,"VincentIulian - 002.1",Discogs,8.0,1,1,1771444080143
421,2398,iWbpM4VFzdU,"VincentIulian - 002.2",Discogs,8.0,1,1,1771444080144
422,2399,kkvSyXgHXsc,"VincentIulian - 002.3",Discogs,8.0,1,1,1771444080145
423,2407,uOlxk2S-Mns,"Miro SundayMusiq - ""This is not butter, Carolin"" (Animals on Psychedelics)",Discogs,10.0,1,1,1771444085035
424,2408,PRvy4fupg6A,"Miro SundayMusiq - Creamy Dreams (Animals on Psychedelics)",Discogs,8.0,1,1,1771444085035
425,2409,hunXYjfwyuw,"Jorge Savoretti - 004.1 [atipic004]",Discogs,8.0,1,1,1771444087183
426,2410,iqxjPDbr0wA,"Jorge Savoretti - 004.2 [atipic004]",Discogs,8.0,1,1,1771444087184
427,2411,kzisitvKKs4,"Jorge Savoretti - 004.3 [atipic004]",Discogs,8.0,1,1,1771444087184
428,2420,uOlxk2S-Mns,"Miro SundayMusiq - ""This is not butter, Carolin"" (Animals on Psychedelics)",Discogs,10.0,1,1,1771444119894
429,2421,PRvy4fupg6A,"Miro SundayMusiq - Creamy Dreams (Animals on Psychedelics)",Discogs,8.0,1,1,1771444119895
430,2417,ZEU6Hbdv6WY,"Vlad Arapasu - 005.1 [Atipic005]",Discogs,8.0,1,1,1771444120003
431,2418,wA5nbxxPzIE,"Vlad Arapasu - 005.2 [Atipic005]",Discogs,8.0,1,1,1771444120005
432,2419,kKHKX3lXUAw,"Vlad Arapasu - 005.3 [Atipic005]",Discogs,8.0,1,1,1771444120006
436,2427,X8eXtimMqsg,"Memphis - Mutual (Animals on Psychedelics)",Discogs,8.0,1,1,1771444123631
437,2428,pcCFG4b5Fjg,"Memphis - Mūsh-té-lā-ké (Animals on Psychedelics)",Discogs,8.0,1,1,1771444123632
438,2429,_fW51LUHvdU,"Memphis - More Colour (Animals on Psychedelics)",Discogs,8.0,1,1,1771444123632
442,2435,X8eXtimMqsg,"Memphis - Mutual (Animals on Psychedelics)",Discogs,8.0,1,1,1771444126930
443,2436,pcCFG4b5Fjg,"Memphis - Mūsh-té-lā-ké (Animals on Psychedelics)",Discogs,8.0,1,1,1771444126931
444,2437,_fW51LUHvdU,"Memphis - More Colour (Animals on Psychedelics)",Discogs,8.0,1,1,1771444126931
445,2430,0N6KM2fcVmM,"Romar - 007.1 [ATIPIC007]",Discogs,8.0,1,1,1771444127021
446,2431,dpUV_AWpKtk,"Romar - 007.2 [ATIPIC007]",Discogs,8.0,1,1,1771444127021
447,2445,NbZNYYsHldg,"Jorge Savoretti - 009.1 (ATIPIC009)",Discogs,8.0,1,1,1771444130719
448,2446,JuSXgkgGSWg,"Jorge Savoretti - 009.2 (ATIPIC009)",Discogs,8.0,1,1,1771444130721
449,2447,Fy0lyPOkFuE,"Jorge Savoretti - 009.3 (ATIPIC009)",Discogs,8.0,1,1,1771444130721
450,2448,Gp_cgv3Z0KA,"Jorge Savoretti - 009.4 (ATIPIC009)",Discogs,8.0,1,1,1771444130722
451,2449,qdc08VbzrgI,"Vladimir Gnatenko – Bakeneko [Animals On Psychedelics]",Discogs,8.0,1,1,1771444130747
452,2450,Cj0bIUNsu_w,"Kai Noob, Vladimir Gnatenko - Noppera-bō (2022)",Discogs,8.0,1,1,1771444130748
453,2451,d-zIq1wnfJs,"Vladimir Gnatenko - Umibōzu (2022)",Discogs,8.0,1,1,1771444130750
454,2452,2SLxvvAqr4w,"Kai Noob, Vladimir Gnatenko - Zashiki-warashi (2022)",Discogs,8.0,1,1,1771444130751
455,2438,YB2-imWN-4c,"Vladimir Gnatenko - Die Nag [AOP005]",Discogs,8.0,1,1,1771444131261
456,2439,2LvQcLhqdxY,"Vladimir Gnatenko-Puma stert",Discogs,8.0,1,1,1771444131262
457,2440,a-OVgsAcN4E,"Vladimir Gnatenko - Maanlig [AOP005]",Discogs,8.0,1,1,1771444131262
458,2441,9kQe6F9mgoI,"ARDB - 008 1",Discogs,8.0,1,1,1771444132322
459,2442,ipP56JYXR0c,"ARDB - 008 2",Discogs,8.0,1,1,1771444132323
460,2443,yCq7baEck60,"ARDB - 008 3",Discogs,8.0,1,1,1771444132324
461,2444,oWsQL-fmldM,"ARDB - 008 4",Discogs,8.0,1,1,1771444132324
462,2453,LDJGS1-w6-c,"Adrian Niculae, Dinu-010.1 (ATIPIC010)",Discogs,8.0,1,1,1771444135379
463,2454,1FoeRmb5Rs8,"Adrian Niculae, Dinu-010.2 (ATIPIC010)",Discogs,8.0,1,1,1771444135381
464,2455,20IkZqxMmCU,"Adrian Niculae, Dinu-010.3 (ATIPIC010)",Discogs,8.0,1,1,1771444135381
465,2460,cI5fuUKeyX8,"Franco Cinelli & Esteban Gutierrez Feat Lux Z-ATIPIC011.1 (ATIPIC011)",Discogs,8.0,1,1,1771444137085
466,2461,0tFqaGcxrWE,"Franco Cinelli & Esteban Gutierrez Feat Lux Z-ATIPIC011.2 (ATIPIC011)",Discogs,8.0,1,1,1771444137086
467,2458,XkB9zUnCM3I,"Invisible Menders - The Genie (Animals on Psychedelics)",Discogs,8.0,1,1,1771444137525
468,2459,hMc5ZZJbosg,"Invisible Menders - Midnight Drive (Menders' Re-Stitch) (Animals on Psychedelics)",Discogs,8.0,1,1,1771444137525
469,2462,d1FiNrHgCXg,"Joren Edwards ‎– 012.1 [Atipic 012]",Discogs,8.0,1,1,1771444139026
470,2463,0fTKosx-9gs,"Joren Edwards ‎– 012.2 [Atipic 012]",Discogs,8.0,1,1,1771444139030
471,2472,zNZMCV50nU8,014.1,Discogs,4.0,1,1,1771444141399
472,2473,xByFL1YJ89U,014.2,Discogs,10.0,1,1,1771444141400
473,2474,RXiPb8tIv_o,014.3,Discogs,10.0,1,1,1771444141400
474,2475,VOlPX3-yyKM,014.4,Discogs,10.0,1,1,1771444141401
475,2464,qs4BVGUAaBA,"BPMF - Liza On Clouds (Animals on Psychedelics)",Discogs,8.0,1,1,1771444141792
476,2465,dFfjp-43cuY,"Invisible Menders - Three On Three (Animals on Psychedelics)",Discogs,8.0,1,1,1771444141793
477,2466,m0NfF3TWDoY,"Memphis - Altered States (Animals on Psychedelics)",Discogs,8.0,1,1,1771444141793
478,2467,hRZV7TpeBr8,"Miro SundayMusiq - From Behind The Corner(Animals on Psychedelics)",Discogs,8.0,1,1,1771444141794
479,2476,06mHI0UKBFE,"Costin Rp - 015.1 [ATIPIC015]",Discogs,8.0,1,1,1771444142261
480,2477,5_IdPdjLTfQ,"Costin Rp - 015.2 [ATIPIC015]",Discogs,8.0,1,1,1771444142261
481,2478,omhr8gYUHpI,"Costin Rp - 015.3 [ATIPIC015]",Discogs,8.0,1,1,1771444142263
482,2479,NF0wKAv1zw8,"Costin Rp - 015.4 [ATIPIC015]",Discogs,8.0,1,1,1771444142264
483,2468,qs4BVGUAaBA,"BPMF - Liza On Clouds (Animals on Psychedelics)",Discogs,8.0,1,1,1771444142680
484,2469,dFfjp-43cuY,"Invisible Menders - Three On Three (Animals on Psychedelics)",Discogs,8.0,1,1,1771444142681
485,2470,m0NfF3TWDoY,"Memphis - Altered States (Animals on Psychedelics)",Discogs,8.0,1,1,1771444142682
486,2471,hRZV7TpeBr8,"Miro SundayMusiq - From Behind The Corner(Animals on Psychedelics)",Discogs,8.0,1,1,1771444142682
487,2480,2uC85hQ8Mfs,"Ardb - 016.1 (2023)",Discogs,8.0,1,1,1771444144453
488,2481,8fNM2ERUF1g,"Ardb - 016.2 (2023)",Discogs,8.0,1,1,1771444144464
489,2482,SSe-4LWkhf8,"Ardb - 016.3 (2023)",Discogs,8.0,1,1,1771444144465
490,2483,iHQurGxPAmc,"Ardb - 016.4 (2023)",Discogs,8.0,1,1,1771444144466
491,2484,f4sE4AMhwxg,017.1,Discogs,10.0,1,1,1771444145782
492,2485,6-o9w8QLPws,017.2,Discogs,10.0,1,1,1771444145784
493,2486,u17YVNsY9kQ,017.3,Discogs,10.0,1,1,1771444145784
497,2490,eZsGcyOSGiM,"Matthew Dexter - Mercurial",Discogs,8.0,1,1,1771444146095
498,2491,BgXV8m-rjn4,"Matthew Dexter - Pro Nobis",Discogs,8.0,1,1,1771444146096
499,2492,M6iUo00g52Y,"Matthew Dexter - Uplink",Discogs,8.0,1,1,1771444146097
500,2493,uitfL6HPi3c,"Christopher Ledger - 018 1 [ATIPIC018]",Discogs,8.0,1,1,1771444148491
501,2494,Yi1KMEDwkkE,"Christopher Ledger - 018.2 (2024)",Discogs,8.0,1,1,1771444148492
502,2495,ypOXEy5Jzvw,"Christopher Ledger - 018.3 (2024)",Discogs,8.0,1,1,1771444148492
503,2496,7FUwbwZVzXk,"Christopher Ledger - 018.4",Discogs,8.0,1,1,1771444148492
504,2500,S0pJwAAij_s,"ISH -- The mind is a Labyrinth",Discogs,8.0,1,1,1771444149623
505,2501,95Qvoelmy14,"ISH -- Humans & Robots",Discogs,8.0,1,1,1771444149623
506,2502,aQMgKfuc0b8,"ISH -- Timewalk",Discogs,8.0,1,1,1771444149623
507,2503,uGYSj3y3_tE,019.1,Discogs,10.0,1,1,1771444149703
508,2504,huH-oGtpb0k,019.2,Discogs,10.0,1,1,1771444149704
509,2505,mxSxJcRT9DQ,"dumitrescu - 019.3",Discogs,8.0,1,1,1771444149704
510,2506,RPu-aap9vJE,"DumitrEscu - 019.4",Discogs,8.0,1,1,1771444149704
511,2515,NM6PHgDWiRw,"Krijka - Cloning Procedures",Discogs,8.0,1,1,1771444154026
512,2516,nZCqjodKffs,"Krijka - E-Tribes",Discogs,8.0,1,1,1771444154027
513,2517,UI6kOkzAU_I,"[PREMIERE] Mad Caps  - Krijka | Animals On Psychedelics [2025]",Discogs,8.0,1,1,1771444154027
514,2518,n6dwXOrVgFc,"[PREMIERE] Datura - Krijka | Animals On Psychedelics [2025]",Discogs,8.0,1,1,1771444154028
515,2529,gMEnQVgG4ag,"Arapu - Slower [ATIPICLAB001]",Discogs,8.0,1,1,1771444160490
516,2530,ier9jG44JPU,"Arapu - Blues [ATIPICLAB001]",Discogs,8.0,1,1,1771444160499
517,2534,1QWQqA0q8TQ,"Faster - Stereo Quartz",Discogs,8.0,1,1,1771444205811
518,2535,M2hNrYAeWdQ,"Faster - Pfer",Discogs,8.0,1,1,1771444205811
519,2536,D0U1gZy6OC8,"Faster - Diciotto",Discogs,8.0,1,1,1771444205812
520,2537,JAnscZlStHs,"Floog - On The Go [ATIPICLAB003]",Discogs,8.0,1,1,1771444208282
521,2538,_BU7D-pAT74,"Floog - Bind [ATPICLAB003]",Discogs,8.0,1,1,1771444208284
522,2539,SCFsULLRFbw,"Floog - Break & After [ATPICLAB003]",Discogs,8.0,1,1,1771444208284
523,2540,Ri9-2chSjc8,"Floog - Suborbital [ATPICLAB003]",Discogs,8.0,1,1,1771444208285
524,2541,f61OX9Cy6Kc,"Cosmjn - See The Sun [ATIPICLAB004]",Discogs,8.0,1,1,1771444209468
525,2542,ehMHOtf3ggo,"Cosmjn - Heberg [ATIPICLAB004]",Discogs,8.0,1,1,1771444209469
529,2546,ZqE11YJpqRU,"Basic moves",Discogs,10.0,1,1,1771444323649
530,2547,92R0E6TYFcg,"Vlad Arapasu -  Vandab [ATIPICLAB005]",Discogs,8.0,1,1,1771444323649
531,2548,6XMAIBUwxK0,"Vlad Arapasu -  Pitch Mode [ATIPICLAB005]",Discogs,8.0,1,1,1771444323650
535,2552,DiTmNJz1lAk,"VincentIulian - Agera (ATIPICLAB006)",Discogs,8.0,1,1,1771444326747
536,2553,MEqVgwNFlGI,"VincentIulian - I Don't Wonder (ATIPICLAB006)",Discogs,8.0,1,1,1771444326748
537,2554,zQfqw6Vt2ME,"VincentIulian - Ultrak (ATIPICLAB006)",Discogs,8.0,1,1,1771444326748
540,2557,i45bl4fd5go,Guidance,Discogs,10.0,1,1,1771444572117
541,2558,F6e7_-7koSw,"Distant Thunder",Discogs,10.0,1,1,1771444572118
545,2562,_q7gmKJ52TM,"Direkt-JJJ (ATIPICLAB008)",Discogs,8.0,1,1,1771444574867
546,2563,bCedI_PmTII,"Direkt-Liquid (ATIPICLAB008)",Discogs,8.0,1,1,1771444574868
547,2564,DYwiDAx__-s,"Direkt-End Credits (ATIPICLAB008)",Discogs,8.0,1,1,1771444574869
548,2634,s7lqSFAtOw8,How,Discogs,10.0,1,1,1771446271306
549,2635,KI_gYfGYCZU,Definition,Discogs,10.0,1,1,1771446271308
550,2636,uXP1M_d_iek,Ex,Discogs,10.0,1,1,1771446271309
551,2637,KVxAoyvj3xw,"DumitrEscu-Lunar Eclipse (ATIPICLAB010)",Discogs,8.0,1,1,1771446273598
552,2638,o35w3Yo4A8w,"DumitrEscu-Electrinsekta (ATIPICLAB010)",Discogs,8.0,1,1,1771446273600
553,2639,yy1GJVNONPQ,"Livio & Roby - Reki [ATIPICLAB011]",Discogs,8.0,1,1,1771446274527
554,2640,YIZMH3hKKKc,"Livio & Roby - Re Viens [ATIPICLAB011]",Discogs,8.0,1,1,1771446274528
555,2641,S3-rk9pspT4,"Cosmjn - The 90's generation [ATIPICLAB012]",Discogs,8.0,1,1,1771446276736
556,2642,KFKTNPNFt-A,"Cosmjn - Cold touch [ATIPICLAB012]",Discogs,8.0,1,1,1771446276736
557,2643,CCRGAr2uCIk,Drops,Discogs,10.0,1,1,1771446278055
558,2644,u18MzWp3ZIY,"80'revamp",Discogs,8.0,1,1,1771446278056
559,2645,QV4LG38EARw,CC,Discogs,10.0,1,1,1771446278057
560,2646,TG5iV7CgfX4,"Sublee - Egold (2021)",Discogs,8.0,1,1,1771446280030
561,2647,I3uo0eM1-TY,"Sublee - New Earth (2021)",Discogs,8.0,1,1,1771446280031
562,2648,GGr5D80czFQ,"Floog - Gangurescu [ATIPICLAB015]",Discogs,8.0,1,1,1771446281473
563,2649,e-XH8V5sMt8,"Floog - Enyo [ATIPICLAB015]",Discogs,8.0,1,1,1771446281479
564,2650,0t6d0Dn9CQ0,"Floog - Love poem [ATIPICLAB015]",Discogs,8.0,1,1,1771446281481
565,2651,8yEW10xsQDs,"Floog - Love poem (Priku Remix) [ATIPICLAB015]",Discogs,8.0,1,1,1771446281482
566,2652,gZuHI_p15ZM,"Gradient Raccoon",Discogs,10.0,1,1,1771446283639
567,2653,NoYD1i0OkJI,"Better Place",Discogs,10.0,1,1,1771446283640
568,2654,JEA809LlUKg,"Endless Acid",Discogs,10.0,1,1,1771446283648
569,2655,pdmPf1IkawQ,"Super Sun",Discogs,10.0,1,1,1771446283653
570,2656,mgHPtKc3aME,"Arapu - A1 Acoustic [ATIPICLAB017]",Discogs,8.0,1,1,1771446284707
571,2657,XfkRUZ7KdoU,"Arapu - B1 Replacement [ATIPICLAB017]",Discogs,8.0,1,1,1771446284709
572,2659,Omfd17vQ9iM,"mihai pol - granular lullaby",Discogs,8.0,1,1,1771446287489
573,2660,ptaCBuzwmgk,"Conforce - Tidal Gateway [124DSR]",Discogs,8.0,1,1,1771447946772
574,2661,hQKoDnNvosA,"Conforce - Fauna Of Estuaries [124DSR]",Discogs,8.0,1,1,1771447946773
575,2662,6LXnslNFmTk,"Conforce - Inland Current [124DSR]",Discogs,8.0,1,1,1771447946774
576,2663,xQqfDKnvBU0,"Conforce - ECCV Quay [124DSR]",Discogs,8.0,1,1,1771447946774
577,2664,_zVgBEMbpTY,"Conforce - Harnessed Life In Programmed Form [124DSR]",Discogs,8.0,1,1,1771447946775
578,2665,HI51kcP7FmQ,"Conforce - Autonomously Surpassed [124DSR]",Discogs,8.0,1,1,1771447946776
579,2666,S1hF0VgtaHE,"Conforce - Meuse-Plain [124DSR]",Discogs,8.0,1,1,1771447946776
580,2667,WERXrtQFuD4,"Conforce - Seasonal Erosion [124DSR]",Discogs,8.0,1,1,1771447946777
581,2669,GKH7WE9ltmo,"A.T. - Overseas [DISCARDED-106]",Discogs,8.0,1,1,1771447950714
582,2670,QZ4lCx4KwTQ,"A T  Bluephonic Discarded 106",Discogs,8.0,1,1,1771447950724
583,2671,7SCBNk5w0is,"A.T.  Bluephonic dub (Discarded 106)",Discogs,4.0,1,1,1771447950725
584,2672,tAlFbzO1-Us,"Lenzyak - Yupi",Discogs,8.0,1,1,1771447956618
585,2673,An6lCRH0f2I,"Lenzyak - Flicker [DISCARDED-017]",Discogs,8.0,1,1,1771447956625
586,2674,WB4_IsRvg-M,"Lenzyak - Trippy Land",Discogs,8.0,1,1,1771447956627
587,2675,pvGMkALfnMo,"Lenzyak -Sirius",Discogs,8.0,1,1,1771447956632
588,2676,751qe1pgOOY,"Paradise City Breakers - Televised Justice [DISCARDED108]",Discogs,8.0,1,1,1771447961563
589,2678,fAQTu6Sl0x4,"Paradise City Breakers - P City Vice [DISCARDED108]",Discogs,8.0,1,1,1771447961565
590,2681,4bgACMGa5ww,"Yu - Beautiful Moment (Original Mix)",Discogs,8.0,1,1,1771447964651
591,2692,75pvz1iK0Ik,"[DSCGM101] A2 Marco Pellegrino - Own Cut (Lucretio Remix)",Discogs,8.0,1,1,1771447976782
592,2695,DWpOag8sOIo,"[DSCGM101] B2 Marco Pellegrino - Night Walk",Discogs,8.0,1,1,1771447976785
593,2696,yzd6zcmIPZk,"DISCARDED102 A1 OCP aka The Analogue Cops - Tubejazz",Discogs,8.0,1,1,1771447994011
594,2699,3tI0_6A0Hk0,"DISCARDED102 B2 OCP aka The Analogue Cops   Thieftakers",Discogs,8.0,1,1,1771447994031
595,2700,hIfcnliUxGI,"DISCARDED-103 A1. Ancut -  Steppin' [Vinyl Rip]",Discogs,8.0,1,1,1771447997873
596,2701,A1Xe--zSovc,"Ancut - Down Move [DISCARDED-103]",Discogs,8.0,1,1,1771447997874
597,2702,94PagDArWaM,"Ancut - Still Walking",Discogs,8.0,1,1,1771447997875
598,2703,pGvmIE8VoVw,"Ancut - Roma 1999",Discogs,8.0,1,1,1771447997876
599,2704,-ofH_3iH61I,"Matthias - Slayers Revenge [Suplu & Discarded X]",Discogs,8.0,1,1,1771448002899
600,2705,KJNs_4QHv5E,"Matthias - Redemption [SUPERLUMINAL-X-DISCARDED-01]",Discogs,8.0,1,1,1771448002901
601,2706,vMFC6qvRXJk,"Ancut - Attempt To Fail [SUPERLUMINAL-X-DISCARDED-01]",Discogs,8.0,1,1,1771448002902
602,2707,0pfuZHyZwps,"Ancut - Lights Over The City [SUPERLUMINAL-X-DISCARDED-01]",Discogs,8.0,1,1,1771448002904
603,2708,-ofH_3iH61I,"Matthias - Slayers Revenge [Suplu & Discarded X]",Discogs,8.0,1,1,1771448006899
604,2709,KJNs_4QHv5E,"Matthias - Redemption [SUPERLUMINAL-X-DISCARDED-01]",Discogs,8.0,1,1,1771448006904
605,2710,vMFC6qvRXJk,"Ancut - Attempt To Fail [SUPERLUMINAL-X-DISCARDED-01]",Discogs,8.0,1,1,1771448006910
606,2711,0pfuZHyZwps,"Ancut - Lights Over The City [SUPERLUMINAL-X-DISCARDED-01]",Discogs,8.0,1,1,1771448006916
607,2135,MuEL10kCq4w,"Paradise City Breakers - A1. Andromeda Is A Lie",Discogs,2.0,1,1,1771448533616
608,2698,yzd6zcmIPZk,"DISCARDED102 A1 OCP aka The Analogue Cops - Tubejazz",Discogs,2.0,1,1,1771449268804
609,2712,7OVkq5GHId0,"Ménage - T.O.A",Discogs,8.0,1,1,1771449573055
610,2713,hg--ccDxZwM,"Sam Brickel & Dashiell - Run Out Groove",Discogs,8.0,1,1,1771449573055
611,2714,73BY5UgJCpw,"Sam & Jack Brickel - Resurgence",Discogs,8.0,1,1,1771449573056
612,2727,ao2APrUuj7U,"Ulo S. - Beat Seeker [Animalia]",Discogs,8.0,1,1,1771449585542
613,2728,71CV1wqvJqE,"Ulo S. - It's Phizzy in Here [Animalia]",Discogs,8.0,1,1,1771449585543
614,2729,j418mGMmbmA,"Ulo S. - Uphoria",Discogs,8.0,1,1,1771449585544
615,2730,lIABK4q9UiI,"Ulo S. - Uphoria [Last Bean Of The Night Dub] (2024)",Discogs,8.0,1,1,1771449585545
616,2683,4bgACMGa5ww,"Yu - Beautiful Moment (Original Mix)",Discogs,2.0,1,1,1771449588201
617,2731,8_P82DI_uJA,"o.utlier - Evaporation [Animalia]",Discogs,8.0,1,1,1771450723838
618,2732,otTZEkVbd0k,"o.utlier - Crop Rotation",Discogs,8.0,1,1,1771450723842
619,2733,UMyF4cTsc18,"o.utlier - Ionic ‐ Biome EP - [ANIMA15] - 2025",Discogs,8.0,1,1,1771450723851
620,2734,R0WRfG5vs_g,Pulse,Discogs,10.0,1,1,1771450723853
621,2735,5RGIbxRibag,"Temporal Blend",Discogs,10.0,1,1,1771451144859
622,2736,GkFz1O2TR9w,Median,Discogs,10.0,1,1,1771451144861
623,2737,9HKKMpzJNRw,Wazzawa,Discogs,10.0,1,1,1771451144862
624,2738,vPqZXClBB40,"Last Piece",Discogs,10.0,1,1,1771451144864
625,2743,CHxvTx9k1jw,Saense,Discogs,10.0,1,1,1771451153225
626,2745,BxI7LI2FT-c,Ortogon,Discogs,10.0,1,1,1771451153226
627,2746,k2ZfRMSzMP8,Vaen,Discogs,10.0,1,1,1771451153226
628,2747,l8jny0kuj28,"Iota - Aeiro",Discogs,8.0,1,1,1771451155473
629,2748,ESAAAbGJ1l0,"iota - Timelink",Discogs,8.0,1,1,1771451155475
630,2750,UPiWZ1_9EgU,"iota & Sam Brickel - Interzone",Discogs,8.0,1,1,1771451155479
631,2751,l8jny0kuj28,"Iota - Aeiro",Discogs,8.0,1,1,1771451157257
632,2752,ESAAAbGJ1l0,"iota - Timelink",Discogs,8.0,1,1,1771451157258
633,2754,UPiWZ1_9EgU,"iota & Sam Brickel - Interzone",Discogs,8.0,1,1,1771451157258
634,2755,21OwDTU5vbA,"OK EG  - Alkaline",Discogs,8.0,1,1,1771451161764
635,2756,6kyzs5ZTuY0,"OK EG - Prismatic Spring",Discogs,8.0,1,1,1771451161769
636,2757,fDOttvEAsyg,"OK EG - Phase Transition",Discogs,8.0,1,1,1771451161771
637,2758,WJ98QRDcqGU,"OK EG - Triple Point",Discogs,8.0,1,1,1771451161773
638,2759,Rs-A0_aH8Po,"Dolly - Bass Xertz",Discogs,8.0,1,1,1771451164044
639,2760,y1VFYSOnv-c,"Dolly - Organ Lab",Discogs,8.0,1,1,1771451164045
640,2761,eDYPUjoZlS8,"Dolly - Don't Forget the Moonscreen",Discogs,8.0,1,1,1771451164046
641,2762,6Nk6DIadc88,"Dolly - Mellow Fellow (Slo Mix)",Discogs,8.0,1,1,1771451164046
642,2763,DArTrUgGZ0Y,"Sam Brickel & Jack Brickel - LSB [ANIMA5]",Discogs,8.0,1,1,1771451168514
643,2764,OG81tTvZ4uk,"Dashiell - Recoil [Animalia]",Discogs,8.0,1,1,1771451168516
644,2765,ODH8_7dQhf4,"Eugene Pascal - Logic Eclipse [Animalia]",Discogs,8.0,1,1,1771451168516
645,2766,Z7y2K3hGQpE,"Dashiell – Under the Ice",Discogs,8.0,1,1,1771451168517
646,2768,ZCV5p_iAzcA,"Ebbs n Flow - Spy Kids [Animalia]",Discogs,8.0,1,1,1771451168517
647,2769,J4zrCpQNa9E,"Eugene Pascal - Cici [ANIMA5]",Discogs,8.0,1,1,1771451168518
648,2770,Rr6PGLpBtQM,"Sam Brickel & Dashiell - Mars [Animalia]",Discogs,8.0,1,1,1771451168518
649,2771,ROH6zngs-vc,"Billus  - Shifting Sands",Discogs,8.0,1,1,1771451173252
650,2772,jEOhsPYJCzw,"Billus   Splay",Discogs,8.0,1,1,1771451173253
651,2773,N5wajz8Rz-k,"Billus - Cubic",Discogs,8.0,1,1,1771451173257
652,2774,cvG8_6pgzw0,"Billus - Under the Canopy [ANIMA6]",Discogs,8.0,1,1,1771451173259
653,2775,viDJ0BX8eCI,"LOIF - Plunge",Discogs,8.0,1,1,1771451177850
654,2776,PTj1lzdNtDk,"LOIF - Depth Charge",Discogs,8.0,1,1,1771451177855
655,2777,H9yy73T8XZo,"LOIF - Stealth",Discogs,8.0,1,1,1771451177856
656,2778,Y0SgxL2Fe9I,"LOIF - Gloom Rider",Discogs,8.0,1,1,1771451177857
657,2779,-ykg9dOiKy8,"Sam Brickel - The Mind Flayer [ANIMA8]",Discogs,8.0,1,1,1771451182142
658,2780,7NgB3ke9pjc,"Sam Brickel - Hit 'Em Up (ft. Eugene Pascal) [Animalia]",Discogs,8.0,1,1,1771451182143
659,2781,FoVjLo5UPrY,"Sam Brickel - Neo Cortex [ANIMA8]",Discogs,8.0,1,1,1771451182144
660,2782,BuI_FdcPh6o,"Sam Brickel - Second Moon (ft. Dashiell) [ANIMA8]",Discogs,8.0,1,1,1771451182144
661,2783,86w7R-mwcXo,"Sam Brickel - The Pulse of Life [ANIMA8]",Discogs,8.0,1,1,1771451182145
662,2784,XelNr4-xjU4,"Sam Brickel - Like Minded Machines (ft. Eugene Pascal) [Animalia]",Discogs,8.0,1,1,1771451182146
663,2785,FARZ7uyHXIw,"Sam Brickel - Ansible [Animalia]",Discogs,8.0,1,1,1771451182146
664,2786,J43rwHy9snQ,"Sam Brickel - Sunset on Freeside [ANIMA8]",Discogs,8.0,1,1,1771451182147
665,2787,nv68I8DqRgs,"Command D - 0-Zone (ft. Cousin)",Discogs,8.0,1,1,1771451187508
666,2789,VgqSIp0eKIs,"Command D – Esc",Discogs,8.0,1,1,1771451187511
667,2715,7OVkq5GHId0,"Ménage - T.O.A",Discogs,2.0,1,1,1771453206531
668,2572,gVhaFrfm8RE,"al dente - The Serious Cousin [Animalia]",Discogs,8.0,1,1,1771453479869
